name,prediction
sample_0000,1
sample_0001,0
sample_0002,1
sample_0003,0
sample_0004,0.099056671
sample_0005,0
sample_0006,1
sample_0007,0
sample_0008,0.132040994
sample_0009,1
