name,gt
sample_0000,38.10226335575974
sample_0001,36.04933543028942
sample_0002,52.16392684931434
sample_0003,59.446075480745336
sample_0004,37.380827904873584
sample_0005,37.2508726646822
sample_0006,63.677069798131015
sample_0007,57.823296996301146
sample_0008,36.71892143759886
sample_0009,29.409006219115994
