name,prediction
sample_0000,36.14466782134573
sample_0001,36.223307533520355
sample_0002,59.055934176003504
sample_0003,55.22910741346948
sample_0004,39.03603771977096
sample_0005,45.2892814556133
sample_0006,65.6118077756571
sample_0007,56.86079230199596
sample_0008,35.91677846691607
sample_0009,35.45626950654169
