name,gt
sample_0000,5.080474358930747
sample_0001,0.48552937703666876
sample_0002,7.324684590609923
sample_0003,5.5045884320637075
sample_0004,3.8461283760334783
sample_0005,8.814984189589438
sample_0006,0.4945403683069103
sample_0007,28.364601175410456
sample_0008,13.340064394374483
sample_0009,15.082439981530706
