name,prediction
sample_0000,6.17022558
sample_0001,3.170893046
sample_0002,7.327954805
sample_0003,3.84237283
sample_0004,3.640909596
sample_0005,11.84585616
sample_0006,-0.734959516
sample_0007,31.47308308
sample_0008,14.29408823
sample_0009,16.5502966
